{
  "metadata": {
    "name": "ard_test_verification",
    "suite": "real_geometry",
    "timestamp": "2026-03-27T20:19:39.946960+00:00",
    "version": "1.0"
  },
  "results": {
    "h_2.5": {
      "h": 2.5,
      "N_dof": 15642,
      "N_el": 9355,
      "volume": 5097.652301993614,
      "eigenvalues": [
        2.985479652197594e-16,
        0.009635766158234124,
        0.02535688530326137,
        0.0421255173216669,
        0.044113254053598006,
        0.06432762480638943,
        0.07671253618795715,
        0.08971133317268364,
        0.10888955834387541,
        0.11163841964290701,
        0.1150613937290319,
        0.12850636397387089,
        0.13686987495147468,
        0.14057661837072966,
        0.15332298984335962
      ],
      "frequencies_Hz": [
        9.43238044972266e-07,
        5.3586745000716,
        8.692850382114866,
        11.204355379516691,
        11.465653137476068,
        13.845639183062097,
        15.119847897180243,
        16.350758610349363,
        18.01388433403958,
        18.239842826364914,
        18.517359870693788,
        19.569357604867704,
        20.19613136662768,
        20.467782705341115,
        21.37557920495868
      ]
    },
    "h_1.5": {
      "h": 1.5,
      "N_dof": 16265,
      "N_el": 9729,
      "volume": 5097.680636844258,
      "eigenvalues": [
        2.9710889286552936e-16,
        0.00963476546887801,
        0.02536043551852337,
        0.04218428265476076,
        0.044140729537018086,
        0.06445423536663857,
        0.0767617390891202,
        0.09009602317269835,
        0.10923411864656803,
        0.1116958212825844,
        0.11528451823341329,
        0.128789035873687,
        0.1372303689973888,
        0.14126562055564154,
        0.15395734755567145
      ],
      "frequencies_Hz": [
        9.409619827650011e-07,
        5.358396239491338,
        8.693458903421305,
        11.212167725219224,
        11.46922321332165,
        13.859258078638105,
        15.124696003938983,
        16.38577784670605,
        18.042362579207577,
        18.244531455686378,
        18.535305401925072,
        19.59086886966591,
        20.22271061728592,
        20.517880330311204,
        21.419753163978935
      ]
    },
    "ir_convergence": {
      "h_coarse": 2.5,
      "h_fine": 1.5,
      "ir_max_diff": 4.022797879034983e-06,
      "ir_relative_diff": 8.343874819861092
    },
    "physical_check": {
      "box_approx_dimensions": "29x20x23 m",
      "expected_lowest_freq_Hz": 5.9,
      "actual_lowest_freq_Hz": 5.358396239491338
    }
  }
}