{
  "metadata": {
    "name": "bras_cr2_miki_fitted",
    "suite": "bras_benchmark",
    "timestamp": "2026-03-28T21:29:13.909473+00:00",
    "version": "1.0"
  },
  "results": {
    "method": "Modal ROM + Miki-fitted impedance + Paris integration + air absorption",
    "miki_fits": {
      "ceiling": {
        "sigma": 992.7823322842715,
        "d": 0.010639753413287345,
        "rms_err": 0.03562760676574216
      },
      "concrete": {
        "sigma": 1226.3914678625697,
        "d": 0.008877855197003109,
        "rms_err": 0.03102759156638547
      },
      "floor": {
        "sigma": 1412.8372046735078,
        "d": 0.00859704458932651,
        "rms_err": 0.03248418345303375
      },
      "plaster": {
        "sigma": 1091.9751086837955,
        "d": 0.007058077565341935,
        "rms_err": 0.012378106363536432
      },
      "windows": {
        "sigma": 1609.6171650260237,
        "d": 0.010077607540823003,
        "rms_err": 0.06560176602832324
      }
    },
    "measured": {
      "T30": 1.677128244785972,
      "EDT": 1.2030922653834766,
      "C80": 1.800799878542749,
      "D50": 0.400187046519518
    },
    "simulated": {
      "T30_s": 5.478153114518845,
      "T30_R2": 0.8930538141061957,
      "T20_s": 5.80052344227191,
      "T20_R2": 0.9370473252333669,
      "EDT_s": 6.595469114660296,
      "EDT_R2": 0.9945054454057707,
      "C80_dB": -8.369984816719242,
      "D50": 0.06715152682479264,
      "TS_ms": 460.69129237249183
    },
    "error_T30_pct": 226.63889190047857
  }
}