{
  "metadata": {
    "name": "bras_cr2_300k",
    "suite": "bras_benchmark",
    "timestamp": "2026-03-28T12:19:31.467102+00:00",
    "version": "1.0"
  },
  "results": {
    "mesh": {
      "N_dof": 481217,
      "P": 4,
      "Nex": 30,
      "Ney": 24,
      "Nez": 10,
      "h_min": 0.2791666666666667,
      "elements_per_wavelength_250Hz": 4.9
    },
    "assembly_time_s": 0.5536053999967407,
    "fom_time_gpu_s": 299.6089811999991,
    "measured": {
      "T30": 1.677128244785972,
      "EDT": 1.2030922653834766,
      "C80": 1.800799878542749,
      "D50": 0.400187046519518
    },
    "simulated_FI": {
      "T30_s": 1.0395959372369998,
      "T30_R2": 0.8440558390167162,
      "T20_s": 1.0986259188968748,
      "T20_R2": 0.8864247879478363,
      "EDT_s": 2.223789394255689,
      "EDT_R2": 0.9839665307338482,
      "C80_dB": -4.739215155624408,
      "D50": 0.13348742094247437,
      "TS_ms": 184.78385317841995
    },
    "simulated_PR": {
      "T30": 0.723600770040179,
      "EDT": 3.094870662443526
    },
    "error_T30_pct": 38.01333079512542
  }
}