{
  "metadata": {
    "name": "bras_cr2_modal_final_v2",
    "suite": "bras_benchmark",
    "timestamp": "2026-03-28T21:45:25.894289+00:00",
    "version": "1.0"
  },
  "results": {
    "method_500Hz": {
      "T30": 1.8249387775183448,
      "err": 8.81331127729207
    },
    "method_freq_dep": {
      "T30": 1.0323135617335362,
      "err": 38.447547768460865
    },
    "measured": {
      "T30": 1.677128244785972,
      "EDT": 1.2030922653834766,
      "C80": 1.800799878542749,
      "D50": 0.400187046519518
    }
  }
}