{
  "metadata": {
    "name": "bras_cr2_gpu_fine_diffuse",
    "suite": "bras_benchmark",
    "timestamp": "2026-03-28T11:34:22.939631+00:00",
    "version": "1.0"
  },
  "results": {
    "mesh": {
      "N_dof": 136213,
      "P": 4,
      "Nex": 19,
      "Ney": 15,
      "Nez": 7
    },
    "pr_250Hz_T30": 0.030540279306052003,
    "measured": {
      "T30": 1.663,
      "T30_250Hz": 1.693,
      "EDT": 1.166,
      "C80": 2.6,
      "D50": 0.489
    },
    "simulated_broadband": {
      "T30_s": 1.0330073811175238,
      "T30_R2": 0.8336190391076637,
      "T20_s": 1.1273637594690509,
      "T20_R2": 0.9008641890940717,
      "EDT_s": 2.3116746446741265,
      "EDT_R2": 0.994754093134992,
      "C80_dB": -2.8159237037465354,
      "D50": 0.22288252135304557,
      "TS_ms": 166.7589798855392
    },
    "simulated_250Hz_T30": 0.030412607895773408,
    "error_T30_broadband_pct": 37.882899511874705,
    "error_T30_250Hz_pct": 98.20362623179129,
    "fom_time_gpu_s": 79.51143670000602,
    "fom_time_cpu_s": 1095.2
  }
}