{
  "metadata": {
    "name": "bras_cr2_modal",
    "suite": "bras_benchmark",
    "timestamp": "2026-03-28T12:24:37.416149+00:00",
    "version": "1.0"
  },
  "results": {
    "method": "Modal ROM (eigenmode basis, analytical time evolution)",
    "mesh": {
      "N_dof": 23001,
      "P": 4
    },
    "n_modes": 150,
    "f_max_Hz": 180.13787281051063,
    "eigenmode_time_s": 38.14875089999987,
    "synthesis_time_s": 0.09067580000555608,
    "measured": {
      "T30": 1.677128244785972,
      "EDT": 1.2030922653834766,
      "C80": 1.800799878542749,
      "D50": 0.400187046519518
    },
    "simulated_FI": {
      "T30_s": 0.011888541670434504,
      "T30_R2": 0.9693181988534177,
      "T20_s": 0.013205688699131222,
      "T20_R2": 0.8906935664324409,
      "EDT_s": 0.0024649588894265165,
      "EDT_R2": 0.9999329759828185,
      "C80_dB": Infinity,
      "D50": 1.0,
      "TS_ms": 0.20597715486766577
    },
    "simulated_PR": {
      "T30": 1.5846949705628721
    },
    "error_T30_pct": 99.29113699519434
  }
}