{
  "metadata": {
    "name": "bras_cr2_hybrid_calibrated",
    "suite": "hybrid_test",
    "timestamp": "2026-03-29T19:20:40.722504+00:00",
    "version": "1.0"
  },
  "results": {
    "method": "Modal(0-300Hz)+ISM_early(80ms)+Eyring_late(scatter_weight=0.3)",
    "scatter_weight": 0.3,
    "measured": {
      "T30": 1.677128244785972,
      "EDT": 1.2030922653834766,
      "C80": 1.800799878542749,
      "D50": 0.400187046519518
    },
    "hybrid": {
      "T30_s": 1.8283885894356038,
      "T30_R2": 0.9979502924414265,
      "T20_s": 1.7548417973101373,
      "T20_R2": 0.9958093213903306,
      "EDT_s": 1.6918293836064362,
      "EDT_R2": 0.9883946760404587,
      "C80_dB": -1.9132448510457498,
      "D50": 0.22500037352041638,
      "TS_ms": 145.15080908689933
    },
    "error_T30": 9.019008839657033
  }
}