{
  "metadata": {
    "name": "bras_cr2_hex_p4",
    "suite": "bras_benchmark",
    "timestamp": "2026-03-27T22:11:43.663042+00:00",
    "version": "1.0"
  },
  "results": {
    "mesh": {
      "type": "structured hex",
      "Nex": 19,
      "Ney": 15,
      "Nez": 7,
      "P": 4,
      "N_dof": 136213
    },
    "pr_dispersion": {
      "T30": 0.5308995867283998,
      "decay_300ms_dB": -3.3551629266753,
      "decay_500ms_dB": -41.103124452666464
    },
    "measured": {
      "T30": 1.663,
      "EDT": 1.166,
      "C80": 2.6,
      "D50": 0.489
    },
    "simulated": {
      "T30_s": 1.0611762351500704,
      "T30_R2": 0.9293901277558264,
      "T20_s": 1.171064650369397,
      "T20_R2": 0.9722519866603913,
      "EDT_s": 1.455290610094623,
      "EDT_R2": 0.9960146777475952,
      "C80_dB": 0.4732668572358282,
      "D50": 0.3622568281189144,
      "TS_ms": 108.79062982501854
    },
    "error_T30_pct": 36.189041782918196,
    "fom_time_s": 1095.1613003999992
  }
}