{
  "metadata": {
    "name": "bras_cr2_hybrid_ism_eyring",
    "suite": "hybrid_test",
    "timestamp": "2026-03-29T19:13:04.540989+00:00",
    "version": "1.0"
  },
  "results": {
    "method": "Modal(0-300Hz) + ISM_early(0-80ms) + Eyring_late(80ms+) per band",
    "measured": {
      "T30": 1.677128244785972,
      "EDT": 1.2030922653834766,
      "C80": 1.800799878542749,
      "D50": 0.400187046519518
    },
    "hybrid": {
      "T30_s": 1.828373663403305,
      "T30_R2": 0.9979502536474186,
      "T20_s": 1.7548375052721357,
      "T20_R2": 0.9958090853032827,
      "EDT_s": 1.6918040075722365,
      "EDT_R2": 0.9883954012286638,
      "C80_dB": -1.9130484478136691,
      "D50": 0.22500656428428678,
      "TS_ms": 145.14832486846765
    },
    "error_T30": 9.018118864048716
  }
}