{
  "metadata": {
    "name": "bras_3engine_final",
    "suite": "platform",
    "timestamp": "2026-03-31T17:24:20.299536+00:00",
    "version": "1.0"
  },
  "results": {
    "T30": 1.7991449765077514,
    "measured": 1.6629190148271977,
    "error": 8.191978109932768,
    "metrics": {
      "T30_s": 1.7991449765077514,
      "T30_R2": 0.9968568660237669,
      "T20_s": 1.7964326261552814,
      "T20_R2": 0.9921600835076935,
      "EDT_s": 1.2569802688326928,
      "EDT_R2": 0.9859817594803146,
      "C80_dB": -0.5232130716170462,
      "D50": 0.19726733769497387,
      "TS_ms": 117.18019060575881
    }
  }
}