{
  "metadata": {
    "name": "bras_cr2_best",
    "suite": "bras_benchmark",
    "timestamp": "2026-03-28T21:53:37.950505+00:00",
    "version": "1.0"
  },
  "results": {
    "method": "Modal ROM + freq-dep alpha (capped <200Hz) + air abs",
    "measured": {
      "T30": 1.677128244785972,
      "EDT": 1.2030922653834766,
      "C80": 1.800799878542749,
      "D50": 0.400187046519518
    },
    "simulated": {
      "T30_s": 1.420151028937321,
      "T30_R2": 0.9941827540233421,
      "T20_s": 1.2812832789004287,
      "T20_R2": 0.9944997384859954,
      "EDT_s": 1.3826753709142336,
      "EDT_R2": 0.986969347216561,
      "C80_dB": 0.04893358604603635,
      "D50": 0.2988022395639538,
      "TS_ms": 113.28141180570472
    },
    "error_T30_pct": 15.32245471671998,
    "error_EDT_pct": 14.92679412027608
  }
}