{
  "metadata": {
    "name": "bras_cr2_hybrid_final",
    "suite": "hybrid_test",
    "timestamp": "2026-03-29T18:22:47.374547+00:00",
    "version": "1.0"
  },
  "results": {
    "method": "Modal(0-300Hz) + ISM+diffuse_scatter(300Hz+)",
    "measured": {
      "T30": 1.677128244785972,
      "EDT": 1.2030922653834766,
      "C80": 1.800799878542749,
      "D50": 0.400187046519518
    },
    "hybrid": {
      "T30_s": 2.4926651018968897,
      "T30_R2": 0.9787811460677529,
      "T20_s": 1.952607130796684,
      "T20_R2": 0.9910382921506344,
      "EDT_s": 1.70290515462793,
      "EDT_R2": 0.9889147732447504,
      "C80_dB": -1.9327077675700188,
      "D50": 0.22441435614631816,
      "TS_ms": 146.95297735016902
    },
    "error_T30": 48.62698244134532
  }
}