{
  "metadata": {
    "name": "bras_cr2_freq_dep_alpha",
    "suite": "bras_benchmark",
    "timestamp": "2026-03-28T21:37:01.443869+00:00",
    "version": "1.0"
  },
  "results": {
    "method": "Modal ROM + freq-dep alpha (interpolated) + air absorption",
    "measured": {
      "T30": 1.677128244785972,
      "EDT": 1.2030922653834766
    },
    "simulated": {
      "T30_s": 6.078795816998216,
      "T30_R2": 0.7691205080047526,
      "T20_s": 6.427255576352478,
      "T20_R2": 0.8211573774519092,
      "EDT_s": 12.631262187422626,
      "EDT_R2": 0.9621645161552533,
      "C80_dB": -3.297065068503198,
      "D50": 0.19649929397097152,
      "TS_ms": 533.104573347253
    },
    "error_T30_pct": 262.4526529737126
  }
}