{
  "metadata": {
    "name": "bras_cr2_hybrid_v2",
    "suite": "hybrid_test",
    "timestamp": "2026-03-29T00:15:34.997967+00:00",
    "version": "1.0"
  },
  "results": {
    "method": "Modal ROM (0-300Hz) + per-band Eyring diffuse (300Hz+)",
    "measured": {
      "T30": 1.677128244785972,
      "EDT": 1.2030922653834766,
      "C80": 1.800799878542749,
      "D50": 0.400187046519518
    },
    "hybrid": {
      "T30_s": 2.016912478594537,
      "T30_R2": 0.9987431665729144,
      "T20_s": 1.9347619686713635,
      "T20_R2": 0.9981122673835864,
      "EDT_s": 1.7973310460419611,
      "EDT_R2": 0.9956077355322351,
      "C80_dB": -1.9070170981861998,
      "D50": 0.22928860512528418,
      "TS_ms": 148.98640041349887
    },
    "error_T30_pct": 20.25988381418778,
    "error_EDT_pct": 49.39261914954423
  }
}