{
  "metadata": {
    "name": "bras_cr2_hybrid_test",
    "suite": "hybrid_test",
    "timestamp": "2026-03-29T00:06:02.126546+00:00",
    "version": "1.0"
  },
  "results": {
    "method": "Modal ROM (0-300Hz) + Eyring diffuse tail (300Hz+)",
    "crossover_Hz": 300,
    "modal_modes": 400,
    "eyring_T60": 2.4689213832744774,
    "measured": {
      "T30": 1.677128244785972,
      "EDT": 1.2030922653834766,
      "C80": 1.800799878542749,
      "D50": 0.400187046519518
    },
    "modal_only": {
      "T30": 1.825459088161639,
      "error_pct": 8.844335180497557
    },
    "hybrid": {
      "T30": 2.1309971131432146,
      "EDT": 1.8167584141501558,
      "C80": -2.2026864945190825,
      "D50": 0.21642526796381256,
      "error_T30_pct": 27.062263709902712
    }
  }
}