{
  "metadata": {
    "name": "bras_scene11_modal",
    "suite": "bras_benchmark",
    "timestamp": "2026-03-28T20:22:48.665322+00:00",
    "version": "1.0"
  },
  "results": {
    "room": "Auditorium Maximum TU Berlin",
    "dimensions": {
      "Lx": 21.5,
      "Ly": 14.3,
      "Lz": 5.5,
      "V": 1690.975
    },
    "materials_alpha_500Hz": {
      "floor": 0.18,
      "ceiling": 0.071,
      "front": 0.13,
      "back": 0.13,
      "left": 0.11,
      "right": 0.11
    },
    "mean_alpha": 0.12413794983642311,
    "sabine_T60": 2.1741848912236628,
    "mesh": {
      "N_dof": 42517,
      "P": 4,
      "n_modes": 400,
      "f_max_Hz": 119.25212783578233
    },
    "simulated": {
      "T30_s": 1.4885031473525723,
      "T30_R2": 0.9935429588219487,
      "T20_s": 1.466022183363276,
      "T20_R2": 0.9960781272978171,
      "EDT_s": 1.6598277376725923,
      "EDT_R2": 0.9894587323155621,
      "C80_dB": -1.1251882024313549,
      "D50": 0.16902908463975197,
      "TS_ms": 137.1910199344626
    },
    "eigenmode_time_s": 261.0417860999878,
    "synthesis_time_s": 0.7886517000006279
  }
}