{
  "metadata": {
    "name": "bras_cr2_hybrid_best",
    "suite": "hybrid_test",
    "timestamp": "2026-03-29T19:05:40.993621+00:00",
    "version": "1.0"
  },
  "results": {
    "method": "Modal(0-300Hz) + per-band ISM with alpha_eff=alpha+s(1-alpha)",
    "measured": {
      "T30": 1.677128244785972,
      "EDT": 1.2030922653834766,
      "C80": 1.800799878542749,
      "D50": 0.400187046519518
    },
    "hybrid": {
      "T30_s": 1.8313495640797053,
      "T30_R2": 0.9979222588612611,
      "T20_s": 1.7558156066727764,
      "T20_R2": 0.9957926599603192,
      "EDT_s": 1.691959219974482,
      "EDT_R2": 0.9883990240148932,
      "C80_dB": -1.9136017058499637,
      "D50": 0.22499385027222402,
      "TS_ms": 145.16594922173255
    },
    "error_T30": 9.195559121563432
  }
}