{
  "metadata": {
    "name": "bras_3engine_level_matched",
    "suite": "platform",
    "timestamp": "2026-03-31T17:21:45.865111+00:00",
    "version": "1.0"
  },
  "results": {
    "T30": 1.996327704199388,
    "measured": 1.6629190148271977,
    "error": 20.049604725148722,
    "metrics": {
      "T30_s": 1.996327704199388,
      "T30_R2": 0.993520176592456,
      "T20_s": 2.1755625655764765,
      "T20_R2": 0.994387252219829,
      "EDT_s": 1.769191228256729,
      "EDT_R2": 0.9846255877890461,
      "C80_dB": -2.3792065912324105,
      "D50": 0.20333869578494865,
      "TS_ms": 148.53839338755654
    }
  }
}