{
  "metadata": {
    "name": "bras_cr2_complex_geo",
    "suite": "complex_geometry",
    "timestamp": "2026-03-31T15:58:32.902725+00:00",
    "version": "1.0"
  },
  "results": {
    "geometry": "BRAS.geo from CHORAS (57 surfaces, labeled materials)",
    "mesh": {
      "N_dof": 5098,
      "N_el": 2788
    },
    "volume": 146.33891934799934,
    "n_modes": 400,
    "f_max": 238.18888760283397,
    "simulated": {
      "T30_s": 1.4884590568900855,
      "T30_R2": 0.9980533363299973,
      "T20_s": 1.4839551443687122,
      "T20_R2": 0.9953117084209722,
      "EDT_s": 1.331735428023359,
      "EDT_R2": 0.990933574618464,
      "C80_dB": -0.5603221769156227,
      "D50": 0.17528770121759651,
      "TS_ms": 119.18484213689705
    },
    "measured_T30": 1.6629190148271977,
    "error_T30_pct": 10.491187867933618
  }
}