{
  "metadata": {
    "name": "bras_cr2_modal_final",
    "suite": "bras_benchmark",
    "timestamp": "2026-03-28T20:46:15.351662+00:00",
    "version": "1.0"
  },
  "results": {
    "measured": {
      "T30": 1.677128244785972,
      "EDT": 1.2030922653834766,
      "C80": 1.800799878542749,
      "D50": 0.400187046519518
    },
    "sweep": [
      {
        "mesh": "10x8x4",
        "N_dof": 23001,
        "n_modes": 150,
        "f_max": 180.13787281051063,
        "T30_500Hz_alpha": 1.9180050838269385,
        "err_500Hz": 14.371203567497817,
        "T30_freq_dep": 5.2911848135687105,
        "err_freq_dep": 215.51489645609485,
        "EDT_freq_dep": 12.57721904402268,
        "C80_freq_dep": -4.670071959663127,
        "D50_freq_dep": 0.1757061097236358
      },
      {
        "mesh": "15x12x5",
        "N_dof": 62769,
        "n_modes": 400,
        "f_max": 257.1836150024945,
        "T30_500Hz_alpha": 1.8249387775183212,
        "err_500Hz": 8.821632529416886,
        "T30_freq_dep": 6.37413252751118,
        "err_freq_dep": 280.09138506327844,
        "EDT_freq_dep": 12.4307069498378,
        "C80_freq_dep": -3.3786127204380585,
        "D50_freq_dep": 0.1923810566481047
      },
      {
        "mesh": "19x15x7",
        "N_dof": 136213,
        "n_modes": 600,
        "f_max": 298.6920505213853,
        "T30_500Hz_alpha": 1.8254940467574288,
        "err_500Hz": 8.854743396388116,
        "T30_freq_dep": 6.228443828825071,
        "err_freq_dep": 271.4039253920734,
        "EDT_freq_dep": 12.496366363670461,
        "C80_freq_dep": -3.44241867285323,
        "D50_freq_dep": 0.1852779316808153
      }
    ]
  }
}