{
  "metadata": {
    "name": "bras_cr2_hybrid_ism_v2",
    "suite": "hybrid_test",
    "timestamp": "2026-03-29T01:25:53.805494+00:00",
    "version": "1.0"
  },
  "results": {
    "method": "Modal ROM (0-300Hz) + ISM order=50 (300Hz+)",
    "measured": {
      "T30": 1.677128244785972
    },
    "hybrid": {
      "T30_s": 1.8937724663360138,
      "T30_R2": 0.9970897615784247,
      "T20_s": 1.7866272453901608,
      "T20_R2": 0.9955003281514695,
      "EDT_s": 1.696363477121269,
      "EDT_R2": 0.9885514946988978,
      "C80_dB": -1.9227115611945902,
      "D50": 0.22472912093060066,
      "TS_ms": 145.6011613747254
    },
    "error_T30": 12.917570389954818
  }
}