{
  "metadata": {
    "name": "bras_cr2_modal_fixed",
    "suite": "bras_benchmark",
    "timestamp": "2026-03-28T19:29:09.012137+00:00",
    "version": "1.0"
  },
  "results": {
    "method": "Modal ROM (fixed damping)",
    "mesh": {
      "N_dof": 23001,
      "P": 4
    },
    "n_modes": 150,
    "f_max_Hz": 180.13787281051063,
    "synthesis_time_s": 0.23363200000312645,
    "measured": {
      "T30": 1.677128244785972,
      "EDT": 1.2030922653834766,
      "C80": 1.800799878542749,
      "D50": 0.400187046519518
    },
    "simulated_FI": {
      "T30_s": 3.3395829053080583,
      "T30_R2": 0.998575151893416,
      "T20_s": 3.426302952973567,
      "T20_R2": 0.9995034454088131,
      "EDT_s": 3.068223225410827,
      "EDT_R2": 0.9956944060281657,
      "C80_dB": -5.831840654280233,
      "D50": 0.13127124427586348,
      "TS_ms": 258.50898018197165
    },
    "simulated_PR": {
      "T30": 2.7867883497379227
    },
    "error_T30_pct": 99.12507679066853,
    "modal_T60_range": [
      2.391939375443464,
      4.764074883332132
    ],
    "modal_T60_mean": 3.151131956105331
  }
}