{
  "metadata": {
    "name": "eigenfreq_test1_rect",
    "suite": "eigenfrequency",
    "timestamp": "2026-03-27T15:50:18.307670+00:00",
    "version": "1.0"
  },
  "results": {
    "domain": {
      "Lx": 2.0,
      "Ly": 1.0,
      "type": "rectangle"
    },
    "mesh": {
      "Nex": 4,
      "Ney": 4,
      "P": 6,
      "N_struct": 625,
      "N_unstruct": 325
    },
    "analytical_eigenvalues": [
      0.0,
      2.4674011002723395,
      9.869604401089358,
      9.869604401089358,
      12.337005501361698,
      19.739208802178716,
      22.206609902451056,
      32.07621430354041,
      39.47841760435743,
      39.47841760435743,
      41.94581870462977,
      49.34802200544679,
      49.34802200544679,
      61.68502750680849,
      61.68502750680849,
      71.55463190789784,
      78.95683520871486,
      88.82643960980423,
      88.82643960980423,
      91.29384071007657
    ],
    "numerical_structured": [
      -1.2356782264076596e-13,
      2.467401100272208,
      9.869604401026267,
      9.869604401089271,
      12.33700550136159,
      19.73920880211559,
      22.206609884608053,
      32.07621428569737,
      39.4784176041054,
      39.478428027508215,
      41.94581870437779,
      49.34802200513186,
      49.34803242859773,
      61.685006736878364,
      61.68502748871359,
      71.55461113796778,
      78.95684563161369,
      88.82618821758298,
      88.82643953843258,
      91.29384063870468
    ],
    "numerical_unstructured": [
      -5.6066262743567786e-14,
      2.467401100272274,
      9.869604401026299,
      9.869604401026322,
      12.337005501298657,
      19.73920880205273,
      22.206609884608085,
      32.076214285634485,
      39.47842802750828,
      39.47842802750831,
      41.94582912778068,
      49.348032428534644,
      49.34803242853474,
      61.68500673687843,
      61.685037912116464,
      71.55461113790467,
      78.95685605501653,
      88.82618821758305,
      88.82618821758327,
      91.2935893178555
    ],
    "relative_errors_structured": [
      0.0,
      5.3274842951601864e-14,
      6.3924412064596065e-12,
      8.81914629942058e-15,
      8.78314978391274e-15,
      3.1979304377164254e-12,
      8.034996605752678e-10,
      5.562702141264796e-10,
      6.3839820253152644e-12,
      2.640214936633368e-07,
      6.007267903315284e-12,
      6.381894227415809e-12,
      2.1121719809836277e-07,
      3.367094246969245e-07,
      2.9334349530958015e-10,
      2.9026674453467664e-07,
      1.320075557405686e-07,
      2.8301508238840373e-06,
      8.034955009779203e-10,
      7.817820525872246e-10
    ],
    "relative_errors_unstructured": [
      0.0,
      2.6457438898261738e-14,
      6.389201520063901e-12,
      6.386861746555891e-12,
      5.109921355430806e-12,
      6.3825421646949504e-12,
      8.034982207146475e-10,
      5.582306397402911e-10,
      2.6402149528318e-07,
      2.640214960031103e-07,
      2.484908204452147e-07,
      2.11215919646118e-07,
      2.112159215179368e-07,
      3.367094236602249e-07,
      1.686844992344218e-07,
      2.9026762652378213e-07,
      2.640214949232148e-07,
      2.8301508230841146e-06,
      2.830150820684347e-06,
      2.7536602590527726e-06
    ],
    "frequencies_Hz": [
      0.0,
      85.75000000000001,
      171.50000000000003,
      171.50000000000003,
      191.74282907060697,
      242.5376259469858,
      257.25,
      309.17602187103705,
      343.00000000000006,
      343.00000000000006,
      353.5563073967144,
      383.48565814121395,
      383.48565814121395,
      428.75,
      428.75,
      461.7778822117838,
      485.0752518939716,
      514.5,
      514.5,
      521.5968869730723
    ]
  }
}