{
  "metadata": {
    "name": "greedy_rom_test",
    "suite": "freq_domain",
    "timestamp": "2026-03-31T13:43:16.643240+00:00",
    "version": "1.0"
  },
  "results": {
    "method": "Greedy ROM (freq domain)",
    "mesh_N": 3213,
    "n_basis": 40,
    "n_fom_solves": 44,
    "build_time": 202.86639310000464,
    "max_residual": 171.55115285025326,
    "metrics": {
      "T30_s": 2.139563627692081,
      "T30_R2": 0.6979954369505086,
      "T20_s": 2.3071167815408313,
      "T20_R2": 0.7405003715416494,
      "EDT_s": 84.67893726272115,
      "EDT_R2": 0.4695615828063202,
      "C80_dB": -2.377972866722012,
      "D50": 0.3234572751721972,
      "TS_ms": 1235.9595703944058
    }
  }
}