{
  "metadata": {
    "name": "lanczos_broadband",
    "suite": "lanczos_test",
    "timestamp": "2026-03-31T15:01:59.163301+00:00",
    "version": "1.0"
  },
  "results": {
    "N": 3213,
    "k": 500,
    "lanczos_time": 2.6866530000115745,
    "eval_time": 94.98209139998653,
    "metrics": {
      "T30_s": 41.083131489865174,
      "T30_R2": 0.32450627849544245,
      "T20_s": 43.43424664747023,
      "T20_R2": 0.3430520812130402,
      "EDT_s": 53.74585599987767,
      "EDT_R2": 0.3813824274498341,
      "C80_dB": -2.328109257653189,
      "D50": 0.1812180354047037,
      "TS_ms": 608.7581528030556
    },
    "measured_T30": 1.677128244785972
  }
}