{
  "metadata": {
    "name": "lanczos_rom_test",
    "suite": "lanczos_test",
    "timestamp": "2026-03-31T14:52:27.497540+00:00",
    "version": "1.0"
  },
  "results": {
    "method": "Lanczos tridiagonal ROM",
    "N": 3213,
    "k": 300,
    "lanczos_time": 0.933690799982287,
    "eval_time": 23.399407599994447,
    "metrics": {
      "T30_s": 17.32208127930575,
      "T30_R2": 0.3673211362841875,
      "T20_s": 0.7916541782887792,
      "T20_R2": 0.9993809166620993,
      "EDT_s": 0.8011189776849771,
      "EDT_R2": 0.9993049508764066,
      "C80_dB": 4.467175186512728,
      "D50": 0.5575748097712555,
      "TS_ms": 64.02092486808688
    }
  }
}