{
  "metadata": {
    "name": "laplace_rom_test",
    "suite": "laplace_test",
    "timestamp": "2026-03-31T14:02:37.133395+00:00",
    "version": "1.0"
  },
  "results": {
    "n_basis": 40,
    "n_solves": 35,
    "max_residual": 1.3415903531326472,
    "build_time": 45.87743880000198,
    "metrics": {
      "T30_s": NaN,
      "T30_R2": 0.0,
      "T20_s": NaN,
      "T20_R2": 0.0,
      "EDT_s": 442233.78075416316,
      "EDT_R2": 0.0006002443293573467,
      "C80_dB": -296.3589699526096,
      "D50": 2.293033882984065e-30,
      "TS_ms": 3499.9161850446603
    }
  }
}