{
  "metadata": {
    "name": "laplace_rom_v2",
    "suite": "laplace_test",
    "timestamp": "2026-03-31T14:04:48.542233+00:00",
    "version": "1.0"
  },
  "results": {
    "sigma_lap": 2.0,
    "n_basis": 60,
    "max_residual": 2.4437467984915147,
    "metrics": {
      "T30_s": NaN,
      "T30_R2": 0.0,
      "T20_s": NaN,
      "T20_R2": 0.0,
      "EDT_s": 566049.7778939833,
      "EDT_R2": 0.0007546341426659664,
      "C80_dB": -59.44879126027622,
      "D50": 1.119472962977587e-06,
      "TS_ms": 3499.9243588803524
    }
  }
}