{
  "metadata": {
    "name": "multi_geometry_final",
    "suite": "multi_geometry",
    "timestamp": "2026-03-31T20:15:37.940234+00:00",
    "version": "1.0"
  },
  "results": {
    "rooms": [
      {
        "name": "Concert Hall (2400m3)",
        "volume": 2400,
        "T30": 4.920449200528914,
        "EDT": 2.8214489823142235,
        "C80": -1.991960310747861,
        "time": 24.520945700001903
      },
      {
        "name": "Studio (56m3)",
        "volume": 56,
        "T30": 0.18558824026109172,
        "EDT": 0.09261985842430062,
        "C80": 28.250539879452216,
        "time": 28.445949499990093
      },
      {
        "name": "ARD Room (5098m3)",
        "volume": 5098,
        "T30": 5.006390723667261,
        "EDT": 4.7228329975293475,
        "C80": 33.36901598819479,
        "time": 16.185072699998273
      }
    ]
  }
}