{
  "metadata": {
    "name": "platform_test_bras",
    "suite": "platform",
    "timestamp": "2026-03-31T16:13:39.837634+00:00",
    "version": "1.0"
  },
  "results": {
    "geometry": "BRAS.geo (complex, 57 surfaces)",
    "mesh_N": 5098,
    "n_modes": 400,
    "f_max": 238.18888760283397,
    "simulated_T30": 0.8908054080268071,
    "measured_T30": 1.6629190148271977,
    "error_pct": 46.43122123903459,
    "all_metrics": {
      "T30_s": 0.8908054080268071,
      "T30_R2": 0.9412533527220482,
      "T20_s": 0.5491892014338332,
      "T20_R2": 0.9622892770406555,
      "EDT_s": 0.46057628296674885,
      "EDT_R2": 0.9701091176266137,
      "C80_dB": 9.368593305695672,
      "D50": 0.6616791663995375,
      "TS_ms": 41.11693888725062
    }
  }
}