{
  "metadata": {
    "name": "platform_bras_final",
    "suite": "platform",
    "timestamp": "2026-03-31T16:15:54.368781+00:00",
    "version": "1.0"
  },
  "results": {
    "simulated_T30": 1.0763090377448485,
    "measured_T30": 1.6629190148271977,
    "error": 35.27591974425206,
    "all_metrics": {
      "T30_s": 1.0763090377448485,
      "T30_R2": 0.9892592396283335,
      "T20_s": 0.962730604422052,
      "T20_R2": 0.985257236317634,
      "EDT_s": 0.9410096942029376,
      "EDT_R2": 0.9834454557350599,
      "C80_dB": 2.0321926573998574,
      "D50": 0.2719571835756226,
      "TS_ms": 83.47258703478276
    }
  }
}