{
  "metadata": {
    "name": "platform_final",
    "suite": "platform",
    "timestamp": "2026-03-31T19:23:42.818266+00:00",
    "version": "1.0"
  },
  "results": {
    "engines": "Modal ROM + C Ray Tracer + ISM",
    "T30": 1.9242699161031473,
    "measured_T30": 1.677128244785972,
    "error": 14.736003170032735,
    "EDT": 1.2535398704712286,
    "measured_EDT": 1.2030922653834766,
    "total_time": 30.93637710000621,
    "metrics": {
      "T30_s": 1.9242699161031473,
      "T30_R2": 0.996093141681154,
      "T20_s": 1.7940834848847629,
      "T20_R2": 0.9937335006594857,
      "EDT_s": 1.2535398704712286,
      "EDT_R2": 0.9909686531318532,
      "C80_dB": -0.10224618550669924,
      "D50": 0.21575699626164105,
      "TS_ms": 114.2569975525881
    }
  }
}