{
  "metadata": {
    "name": "platform_calibrated",
    "suite": "platform",
    "timestamp": "2026-03-31T19:34:05.086049+00:00",
    "version": "1.0"
  },
  "results": {
    "T30": 1.6869221523939673,
    "EDT": 1.1731138022819714,
    "measured_T30": 1.677128244785972,
    "measured_EDT": 1.2030922653834766,
    "error_T30": 0.583968914627933,
    "error_EDT": 2.4917842100788334,
    "total_time": 30.97949850000441,
    "metrics": {
      "T30_s": 1.6869221523939673,
      "T30_R2": 0.9969400767291632,
      "T20_s": 1.6427776787056525,
      "T20_R2": 0.992511360966092,
      "EDT_s": 1.1731138022819714,
      "EDT_R2": 0.986294356347885,
      "C80_dB": 0.42479483574936827,
      "D50": 0.25081326224852796,
      "TS_ms": 104.46829965257402
    }
  }
}