{
  "metadata": {
    "name": "platform_bras_per_surface_scatter",
    "suite": "platform",
    "timestamp": "2026-03-31T19:27:41.250126+00:00",
    "version": "1.0"
  },
  "results": {
    "T30": 1.956028202828033,
    "measured": 1.6629190148271977,
    "error": 17.626185363650652,
    "EDT": 1.2749969547433075,
    "metrics": {
      "T30_s": 1.956028202828033,
      "T30_R2": 0.9949591123174258,
      "T20_s": 1.7895180180437038,
      "T20_R2": 0.9962627509975689,
      "EDT_s": 1.2749969547433075,
      "EDT_R2": 0.9917127868774305,
      "C80_dB": -0.3808957902306447,
      "D50": 0.20485901788429922,
      "TS_ms": 116.60175710304523
    },
    "scatter_per_surface": {
      "floor": 0.011,
      "ceiling": 0.258,
      "concrete": 0.022,
      "plaster": 0.032,
      "windows": 0.016
    }
  }
}