{
  "metadata": {
    "name": "platform_bras_correct_materials",
    "suite": "platform",
    "timestamp": "2026-03-31T16:16:44.381057+00:00",
    "version": "1.0"
  },
  "results": {
    "simulated_T30": 1.5866521732910435,
    "measured_T30": 1.6629190148271977,
    "error": 4.586323257845454,
    "method": "Modal ROM (0-202Hz) + ISM+Eyring (202-20kHz)",
    "all_metrics": {
      "T30_s": 1.5866521732910435,
      "T30_R2": 0.9968818151945933,
      "T20_s": 1.5755617693512842,
      "T20_R2": 0.9898917309927379,
      "EDT_s": 1.151707593621697,
      "EDT_R2": 0.9820958996046975,
      "C80_dB": -0.0415200577013219,
      "D50": 0.19795022903569617,
      "TS_ms": 108.90909753878553
    }
  }
}