{
  "metadata": {
    "name": "scatter_sweep",
    "suite": "calibration",
    "timestamp": "2026-03-31T17:19:24.164369+00:00",
    "version": "1.0"
  },
  "results": {
    "results": [
      {
        "scatter": 0.05,
        "T30": 2.1526959309707983,
        "err": 29.452842367942715
      },
      {
        "scatter": 0.15,
        "T30": 1.8846878657159014,
        "err": 13.336118530808236
      },
      {
        "scatter": 0.3,
        "T30": 1.9116390121437867,
        "err": 14.956831637554806
      },
      {
        "scatter": 0.5,
        "T30": 2.1281387365884976,
        "err": 27.97609009297685
      }
    ],
    "measured_T30": 1.6629190148271977
  }
}