{
  "metadata": {
    "name": "tet_eigenfreq_convergence",
    "suite": "tet_validation",
    "timestamp": "2026-03-27T17:47:26.603872+00:00",
    "version": "1.0"
  },
  "results": {
    "domain": "unit cube",
    "analytical_eigenvalues": [
      0.0,
      9.869604401089358,
      9.869604401089358,
      9.869604401089358,
      19.739208802178716,
      19.739208802178716,
      19.739208802178716,
      29.608813203268074,
      39.47841760435743,
      39.47841760435743
    ],
    "convergence": [
      {
        "h": 0.4,
        "N_dof": 325,
        "N_el": 156,
        "eigenvalues": [
          5.1070259132757824e-15,
          9.535110949097016,
          9.581046735040019,
          9.593334706262814,
          18.45951478699513,
          18.46487924864488,
          18.595765267374663,
          26.749814724739696,
          30.508622092082195,
          34.78700369788949
        ],
        "errors": [
          5.1070259132757824e-15,
          0.033891272476475616,
          0.02923700427318947,
          0.027991972484332876,
          0.06483005615920841,
          0.06455828935723003,
          0.05792752618726265,
          0.09655903662537935,
          0.22720757458336413,
          0.11883490248986393
        ],
        "assembly_time": 0.6695638000001054
      },
      {
        "h": 0.25,
        "N_dof": 945,
        "N_el": 528,
        "eigenvalues": [
          3.635980405647476e-15,
          9.718792297705466,
          9.731551348737694,
          9.763329284691302,
          19.187573660566336,
          19.223188580401626,
          19.244571268973562,
          28.45354984463131,
          37.52467328216851,
          37.622761105167605
        ],
        "errors": [
          3.635980405647476e-15,
          0.015280460822446535,
          0.013987698669708185,
          0.01076792058517823,
          0.027946162743437464,
          0.02614188982691821,
          0.02505863016913617,
          0.03901755030523312,
          0.0494889218146697,
          0.04700432823287752
        ],
        "assembly_time": 1.9729157000001578
      },
      {
        "h": 0.15,
        "N_dof": 4035,
        "N_el": 2520,
        "eigenvalues": [
          2.8310687127949526e-14,
          9.81888240503848,
          9.824345833047046,
          9.830327891474917,
          19.539650468473365,
          19.560125643403236,
          19.572265362970654,
          29.19679048362329,
          38.756963958300005,
          38.81343764035113
        ],
        "errors": [
          2.8310687127949526e-14,
          0.005139212676576988,
          0.004585651684004367,
          0.0039795424434747725,
          0.010109743288359398,
          0.009072458808770181,
          0.008457453430941739,
          0.013915543213981571,
          0.01827463434040467,
          0.016844139262889357
        ],
        "assembly_time": 9.194917100000566
      },
      {
        "h": 0.1,
        "N_dof": 11193,
        "N_el": 7380,
        "eigenvalues": [
          1.744437927443923e-13,
          9.846420686983732,
          9.84692778084259,
          9.848422326119252,
          19.63946428255899,
          19.651526608737345,
          19.658923214190775,
          29.408559524921145,
          39.13766102020741,
          39.14438827176901
        ],
        "errors": [
          1.744437927443923e-13,
          0.002349001354407558,
          0.0022976220044103666,
          0.0021461929079718924,
          0.00505311639485352,
          0.004442031811918043,
          0.004067315402179616,
          0.006763313239614273,
          0.008631465110000014,
          0.008461061837279753
        ],
        "assembly_time": 26.541116700000202
      }
    ]
  }
}