{
  "metadata": {
    "name": "tet_test1_reference",
    "suite": "tet_validation",
    "timestamp": "2026-03-27T17:36:46.737300+00:00",
    "version": "1.0"
  },
  "results": {
    "partition_of_unity": true,
    "kronecker_delta": true,
    "gradient_fd_check": true,
    "gradient_max_error": 1.4104721834939937e-09,
    "quadrature": {
      "volume_deg1": {
        "value": 0.16666666666666666,
        "error": 0.0
      },
      "volume_deg2": {
        "value": 0.16666666666666666,
        "error": 0.0
      },
      "volume_deg3": {
        "value": 0.16666666666666666,
        "error": 0.0
      },
      "volume_deg5": {
        "value": 0.16666666666666594,
        "error": 7.216449660063518e-16
      },
      "integral_r": {
        "value": 0.04166666666666648,
        "expected": 0.041666666666666664,
        "error": 1.8735013540549517e-16
      },
      "integral_r2": {
        "value": 0.016666666666666583,
        "expected": 0.016666666666666666,
        "error": 8.326672684688674e-17
      },
      "integral_rs": {
        "value": 0.008333333333333297,
        "expected": 0.008333333333333333,
        "error": 3.642919299551295e-17
      }
    },
    "quadrature_pass": true
  }
}